river rise (m),buildings reached,people reached,people water inside,new people reached in this step
0.0,0,0,0,0
0.25,15,24,0,24
0.5,105,129,25,105
0.75,276,326,151,196
1.0,401,490,283,164
1.25,585,697,439,207
1.5,754,860,719,163
1.75,876,999,903,139
2.0,1090,1336,1030,337
2.25,1241,1520,1330,184
2.5,1426,1699,1511,179
2.75,1596,1880,1668,181
3.0,1831,2247,1860,367
3.25,2526,4180,3503,1933
3.5,2782,4743,4155,563
3.75,3039,5396,4594,654
4.0,3268,6145,5282,749
4.25,3522,7136,6098,991
4.5,3789,7790,7023,654
4.75,4172,8753,7839,963
5.0,4782,10401,9281,1647
5.25,5107,11551,10318,1151
5.5,5481,12752,11396,1200
5.75,5848,13760,12635,1008
6.0,6126,14679,13544,919
