reached at (m),name,type,area,height above river (m),lat,lon
1.5,Sabeto Primary School,school,,0.66,-17.73486,177.456767
3.25,Sabeto Muslim Primary School,school,,2.65,-17.727601,177.493991
3.75,EYE CLINIC,clinic,Namotomoto Village,3.75,-17.796184,177.416308
3.75,Family Clinic,clinic,Namotomoto Village,3.75,-17.796227,177.416328
4.0,(no name),fire_station,Saunaka Village,3.96,-17.766595,177.431606
4.0,Hall,community_centre,Namotomoto Village,3.82,-17.800751,177.394743
4.0,Ram Bhajo shop,community_centre,Namotomoto Village,3.8,-17.814423,177.414866
4.25,(no name),school,Namotomoto Village,4.22,-17.804836,177.412214
4.25,(no name),school,Namotomoto Village,4.22,-17.804073,177.412421
4.25,Nadi Primary School,school,Namotomoto Village,4.21,-17.797936,177.415189
4.5,(no name),fire_station,Saunaka Village,4.48,-17.766503,177.431587
4.5,Ground,school,Namotomoto Village,4.31,-17.796909,177.411539
4.75,Hall,community_centre,Saunaka Village,4.35,-17.794793,177.423575
4.75,Sangam Sadhu Kuppuswamy Memorial College,school,Namotomoto Village,4.69,-17.80439,177.413335
5.0,(no name),school,Namotomoto Village,4.79,-17.803429,177.413533
5.0,(no name),primaryschool maingate,Namotomoto Village,4.96,-17.802827,177.41357
5.0,Ground,school,Namotomoto Village,4.77,-17.797338,177.412633
5.25,(no name),school,Namotomoto Village,5.0,-17.804049,177.414082
5.5,(no name),school,Namotomoto Village,3.43,-17.804538,177.422906
5.5,Dr Naidu’s Private Medical Practice,clinic,Namotomoto Village,5.49,-17.802688,177.414906
5.5,NADI FIRE STATION,fire_station,Namotomoto Village,3.54,-17.805183,177.419681
5.5,Saunaka Village Community Hall,community_centre,Saunaka Village,5.42,-17.793078,177.430462
5.75,International School Nadi,school,Saunaka Village,5.7,-17.787631,177.441009
6.0,(no name),community_centre,Nawaka Village,5.98,-17.811158,177.434148
6.0,(no name),school,Saunaka Village,5.82,-17.786718,177.441635
6.0,Dr Naidu medical centre,doctors,Namotomoto Village,5.91,-17.801966,177.417132
6.0,Nawaka Health Center,clinic,Nawaka Village,5.98,-17.811239,177.433948
6.0,Nawaka Primary School,school,Nawaka Village,5.86,-17.810491,177.434323
never,(no name),kindergarten,Saunaka Village,7.25,-17.769362,177.436482
never,(no name),kindergarten,,16.32,-17.759654,177.445802
never,(no name),kindergarten,,17.5,-17.75945,177.445747
never,A D Patel Primary School,school,,28.13,-17.827836,177.39974
never,Advanced Aviation Training School,flight_school,,17.6,-17.758572,177.445887
never,Advanced Aviation Training School,flight_school,,14.48,-17.758026,177.445371
never,DISPENSARY,hospital,,10.41,-17.762621,177.443932
never,Dr Sainesh Kumar MBBS & Dr Devika N Kumar,doctors,,8.13,-17.761745,177.450528
never,Dr Sireli Biumaititoya medical centre,doctors,,6.63,-17.762226,177.450002
never,Fiji Airways Aviation Academy,flight_school,,13.37,-17.760456,177.450824
never,Free Bird Institute,school,,6.63,-17.762114,177.449895
never,Naboutini Police Station,police,,15.3,-17.726167,177.498581
never,Nadi Airport Fire Station,fire_station,,11.36,-17.756886,177.443928
never,Nadi Hospital,hospital,Namotomoto Village,8.85,-17.805051,177.421558
never,Namaka Health Centre,clinic,,11.31,-17.761239,177.448276
never,Namaka Police Station,police,,11.56,-17.763087,177.44549
never,Namaka School,school,Saunaka Village,6.4,-17.769968,177.436508
never,Sabeto 33kV Switching Station,substation,,9.06,-17.725771,177.476276
never,Sabeto Police Station,police,,15.06,-17.726011,177.498665
never,St. Andrews,school,Nawaka Village,9.65,-17.803753,177.426015
never,Swami Vivekananda College,college,,29.9,-17.823427,177.396009
never,Think Driving School,driving_school,,12.46,-17.761571,177.452369
never,Waqadra EFL 33kV Substation,substation,,7.48,-17.768517,177.446111
